relVar.total	factor	lower.total	upper.total	set	includesBatch	region	no.familys	no.childrenPerFamily	no.muts.pp
0.029022999783647693	familyNr	0	0.2460560195510853	cohort1	TRUE	unique	37	1.0474967907573813	43.8639705882353
0.1575785836375338	familyNr	1.2691023335144038e-15	0.32625858804967633	cohort2	FALSE	unique	43	1.0352846832397755	57.13013168086754
0.053840610454764445	familyNr	0.023966804608527147	0.08402587007789761	cohort3	TRUE	unique	1590	2	58.08647798742138
0.03806328451614882	familyNr	0.005835964715750168	0.07899529510122921	cohort4	FALSE	unique	45	9.333333333333334	68.71190476190476
