relVar.total	factor	lower.total	upper.total	set	includesBatch	region	no.familys	no.muts.pp
0.05864387398793378	familyNr	0	0.30634528100431524	cohort1	TRUE	unique	779	22.363970588235293
0.19213434981170502	familyNr	0.011930849818998876	0.3847464976783342	cohort2	TRUE	unique	1247	29.15646785437645
0.020679138152630578	familyNr	0	0.0638449861352593	cohort3	FALSE	unique	45	29.466666666666665
0.013092467945509202	familyNr	0	0.06977796412520076	cohort4	TRUE	unique	512	32.21875
0.052095802583132636	familyNr	0.020686486403959592	0.08836597156774428	cohort5	TRUE	unique	1635	33.067278287461775
